{"cameraMode":{"drawMode":0,"name":"Shaded","section":"Shading Mode"},"sceneLighting":true,"audioPlay":false,"sceneViewState":{"m_AlwaysRefresh":true,"showFog":true,"showSkybox":true,"showFlares":true,"showImageEffects":true,"showParticleSystems":true,"showVisualEffectGraphs":true,"m_FxEnabled":true},"in2DMode":false,"pivot":{"x":7.368502140045166,"y":-0.7362195253372192,"z":20.984760284423829},"rotation":{"x":0.05027228966355324,"y":0.24606087803840638,"z":-0.014051265083253384,"w":0.9683067798614502},"size":16.41011619567871,"orthographic":false}