{"cameraMode":{"drawMode":0,"name":"Shaded","section":"Shading Mode"},"sceneLighting":true,"audioPlay":false,"sceneViewState":{"m_AlwaysRefresh":true,"showFog":true,"showSkybox":true,"showFlares":true,"showImageEffects":true,"showParticleSystems":true,"showVisualEffectGraphs":true,"m_FxEnabled":true},"in2DMode":false,"pivot":{"x":51.071231842041019,"y":7.699515342712402,"z":-11.488009452819825},"rotation":{"x":-0.2252785563468933,"y":-0.08972558379173279,"z":0.022595124319195749,"w":-0.9703291058540344},"size":12.12435531616211,"orthographic":false}