{"cameraMode":{"drawMode":0,"name":"Shaded","section":"Shading Mode"},"sceneLighting":true,"audioPlay":false,"sceneViewState":{"m_AlwaysRefresh":true,"showFog":true,"showSkybox":true,"showFlares":true,"showImageEffects":true,"showParticleSystems":true,"showVisualEffectGraphs":true,"m_FxEnabled":true},"in2DMode":false,"pivot":{"x":-2.8494739532470705,"y":10.098461151123047,"z":65.98387145996094},"rotation":{"x":0.22185666859149934,"y":0.43187689781188967,"z":-0.10940849781036377,"w":0.8676249384880066},"size":0.017188508063554765,"orthographic":false}