{"cameraMode":{"drawMode":0,"name":"Shaded","section":"Shading Mode"},"sceneLighting":true,"audioPlay":false,"sceneViewState":{"m_AlwaysRefresh":true,"showFog":true,"showSkybox":true,"showFlares":true,"showImageEffects":true,"showParticleSystems":true,"showVisualEffectGraphs":true,"m_FxEnabled":true},"in2DMode":false,"pivot":{"x":101.82868194580078,"y":14.839787483215332,"z":97.62393188476563},"rotation":{"x":0.3546755611896515,"y":-0.5842352509498596,"z":0.31655171513557436,"w":0.658088743686676},"size":0.017188508063554765,"orthographic":false}