{"cameraMode":{"drawMode":0,"name":"Shaded","section":"Shading Mode"},"sceneLighting":true,"audioPlay":false,"sceneViewState":{"m_AlwaysRefresh":true,"showFog":true,"showSkybox":true,"showFlares":true,"showImageEffects":true,"showParticleSystems":true,"showVisualEffectGraphs":true,"m_FxEnabled":true},"in2DMode":false,"pivot":{"x":-29.101076126098634,"y":1.8086509704589844,"z":150.41786193847657},"rotation":{"x":0.35219159722328188,"y":-0.0746120885014534,"z":0.02838003635406494,"w":0.9332242012023926},"size":12.12435531616211,"orthographic":false}