{"cameraMode":{"drawMode":0,"name":"Shaded","section":"Shading Mode"},"sceneLighting":true,"audioPlay":false,"sceneViewState":{"m_AlwaysRefresh":true,"showFog":true,"showSkybox":true,"showFlares":true,"showImageEffects":true,"showParticleSystems":true,"showVisualEffectGraphs":true,"m_FxEnabled":true},"in2DMode":false,"pivot":{"x":34.03947067260742,"y":22.637310028076173,"z":26.90988540649414},"rotation":{"x":0.19498302042484284,"y":-0.535878598690033,"z":0.12984643876552583,"w":0.8114402294158936},"size":0.017188508063554765,"orthographic":false}