{"cameraMode":{"drawMode":0,"name":"Shaded","section":"Shading Mode"},"sceneLighting":true,"audioPlay":false,"sceneViewState":{"m_AlwaysRefresh":true,"showFog":true,"showSkybox":true,"showFlares":true,"showImageEffects":true,"showParticleSystems":true,"showVisualEffectGraphs":true,"m_FxEnabled":true},"in2DMode":false,"pivot":{"x":2.847806930541992,"y":0.0667487382888794,"z":71.25968933105469},"rotation":{"x":0.2256890833377838,"y":0.4605209231376648,"z":-0.12100397050380707,"w":0.8501940369606018},"size":0.017188508063554765,"orthographic":false}