{"cameraMode":{"drawMode":0,"name":"Shaded","section":"Shading Mode"},"sceneLighting":true,"audioPlay":false,"sceneViewState":{"m_AlwaysRefresh":true,"showFog":true,"showSkybox":true,"showFlares":true,"showImageEffects":true,"showParticleSystems":true,"showVisualEffectGraphs":true,"m_FxEnabled":true},"in2DMode":false,"pivot":{"x":21.930858612060548,"y":-7.036411285400391,"z":54.36686706542969},"rotation":{"x":0.03161388635635376,"y":0.9681638479232788,"z":-0.20731782913208009,"w":0.13922052085399629},"size":15.935147285461426,"orthographic":false}