{"cameraMode":{"drawMode":0,"name":"Shaded","section":"Shading Mode"},"sceneLighting":true,"audioPlay":false,"sceneViewState":{"m_AlwaysRefresh":true,"showFog":true,"showSkybox":true,"showFlares":true,"showImageEffects":true,"showParticleSystems":true,"showVisualEffectGraphs":true,"m_FxEnabled":true},"in2DMode":false,"pivot":{"x":-15.922499656677246,"y":30.81840705871582,"z":-22.887008666992189},"rotation":{"x":-0.21568870544433595,"y":-0.06771569699048996,"z":0.014115461148321629,"w":-0.9743916392326355},"size":14.732418060302735,"orthographic":false}