{"cameraMode":{"drawMode":0,"name":"Shaded","section":"Shading Mode"},"sceneLighting":false,"audioPlay":false,"sceneViewState":{"m_AlwaysRefresh":true,"showFog":true,"showSkybox":false,"showFlares":true,"showImageEffects":true,"showParticleSystems":true,"showVisualEffectGraphs":true,"m_FxEnabled":true},"in2DMode":false,"pivot":{"x":-0.0024815797805786134,"y":0.00001049041748046875,"z":0.18715497851371766},"rotation":{"x":0.19350184500217439,"y":-0.7285929322242737,"z":0.22944389283657075,"w":0.6159160137176514},"size":1.6446137428283692,"orthographic":false}